Workbook

Sheet ASX_clean
A1: Date | B1: Price | C1: Open | D1: High | E1: Low | F1: Vol. | G1: Change % | H1: Daily return | I1: 14-day volatility | J1: Vol. numeric | K1: 20-day avg. vol. | L1: VIX US date | M1: VIX | N1: VIX status
A2: 46113 | B2: 8671.8 | C2: 8481.8 | D2: 8671.8 | E2: 8481.8 | F2: 861.38M | G2: 0.0224 | J2: =VALUE(LEFT(F2,LEN(F2)-1))*IF(RIGHT(F2,1)="B",1000000000,1000000) -> 861380000 | L2: {=IFERROR(MAX(_xlfn._xlws.FILTER(VIX_clean!$A$2:$A$152,(VIX_clean!$A$2:$A$152<A2)*ISNUMBER(VIX_clean!$B$2:$B$152))),"")} | M2: =IF(L2="","",_xlfn.XLOOKUP(L2,VIX_clean!$A$2:$A$152,VIX_clean!$B$2:$B$152,"")) | N2: =IF(L2="","Missing",IF(A2-L2>5,"Stale","OK")) -> Missing
A3: 46114 | B3: 8579.5 | C3: 8671.8 | D3: 8723.3 | E3: 8566.8 | F3: 884.49M | G3: -0.0106 | H3: =(B3/B2)-1 -> -0.010643696 | J3: =VALUE(LEFT(F3,LEN(F3)-1))*IF(RIGHT(F3,1)="B",1000000000,1000000) -> 884490000 | L3: {=IFERROR(MAX(_xlfn._xlws.FILTER(VIX_clean!$A$2:$A$152,(VIX_clean!$A$2:$A$152<A3)*ISNUMBER(VIX_clean!$B$2:$B$152))),"")} -> 46113 | M3: =IF(L3="","",_xlfn.XLOOKUP(L3,VIX_clean!$A$2:$A$152,VIX_clean!$B$2:$B$152,"")) -> 24.54 | N3: =IF(L3="","Missing",IF(A3-L3>5,"Stale","OK")) -> OK
A4: 46119 | B4: 8728.8 | C4: 8579.5 | D4: 8804 | E4: 8579.5 | F4: 660.82M | G4: 0.0174 | H4: =(B4/B3)-1 -> 0.017401947 | J4: =VALUE(LEFT(F4,LEN(F4)-1))*IF(RIGHT(F4,1)="B",1000000000,1000000) -> 660820000 | L4: {=IFERROR(MAX(_xlfn._xlws.FILTER(VIX_clean!$A$2:$A$152,(VIX_clean!$A$2:$A$152<A4)*ISNUMBER(VIX_clean!$B$2:$B$152))),"")} -> 46118 | M4: =IF(L4="","",_xlfn.XLOOKUP(L4,VIX_clean!$A$2:$A$152,VIX_clean!$B$2:$B$152,"")) -> 24.17 | N4: =IF(L4="","Missing",IF(A4-L4>5,"Stale","OK")) -> OK
A5: 46120 | B5: 8951.8 | C5: 8728.8 | D5: 8986.1 | E5: 8728.8 | F5: 1.08B | G5: 0.0255 | H5: =(B5/B4)-1 -> 0.025547613 | J5: =VALUE(LEFT(F5,LEN(F5)-1))*IF(RIGHT(F5,1)="B",1000000000,1000000) -> 1080000000 | L5: {=IFERROR(MAX(_xlfn._xlws.FILTER(VIX_clean!$A$2:$A$152,(VIX_clean!$A$2:$A$152<A5)*ISNUMBER(VIX_clean!$B$2:$B$152))),"")} -> 46119 | M5: =IF(L5="","",_xlfn.XLOOKUP(L5,VIX_clean!$A$2:$A$152,VIX_clean!$B$2:$B$152,"")) -> 25.78 | N5: =IF(L5="","Missing",IF(A5-L5>5,"Stale","OK")) -> OK
A6: 46121 | B6: 8973.2 | C6: 8951.8 | D6: 8973.2 | E6: 8904.9 | F6: 725.46M | G6: 0.0024 | H6: =(B6/B5)-1 -> 0.0023905807 | J6: =VALUE(LEFT(F6,LEN(F6)-1))*IF(RIGHT(F6,1)="B",1000000000,1000000) -> 725460000 | L6: {=IFERROR(MAX(_xlfn._xlws.FILTER(VIX_clean!$A$2:$A$152,(VIX_clean!$A$2:$A$152<A6)*ISNUMBER(VIX_clean!$B$2:$B$152))),"")} -> 46120 | M6: =IF(L6="","",_xlfn.XLOOKUP(L6,VIX_clean!$A$2:$A$152,VIX_clean!$B$2:$B$152,"")) -> 21.04 | N6: =IF(L6="","Missing",IF(A6-L6>5,"Stale","OK")) -> OK
A7: 46122 | B7: 8960.6 | C7: 8973.2 | D7: 8973.2 | E7: 8905.2 | F7: 609.22M | G7: -0.0014 | H7: =(B7/B6)-1 -> -0.0014041813 | J7: =VALUE(LEFT(F7,LEN(F7)-1))*IF(RIGHT(F7,1)="B",1000000000,1000000) -> 609220000 | L7: {=IFERROR(MAX(_xlfn._xlws.FILTER(VIX_clean!$A$2:$A$152,(VIX_clean!$A$2:$A$152<A7)*ISNUMBER(VIX_clean!$B$2:$B$152))),"")} -> 46121 | M7: =IF(L7="","",_xlfn.XLOOKUP(L7,VIX_clean!$A$2:$A$152,VIX_clean!$B$2:$B$152,"")) -> 19.49 | N7: =IF(L7="","Missing",IF(A7-L7>5,"Stale","OK")) -> OK | O7: Data type: | P7: =ISNUMBER(A2) -> TRUE
A8: 46125 | B8: 8926 | C8: 8960.6 | D8: 8960.6 | E8: 8889.6 | F8: 660.29M | G8: -0.0039 | H8: =(B8/B7)-1 -> -0.0038613486 | J8: =VALUE(LEFT(F8,LEN(F8)-1))*IF(RIGHT(F8,1)="B",1000000000,1000000) -> 660290000 | L8: {=IFERROR(MAX(_xlfn._xlws.FILTER(VIX_clean!$A$2:$A$152,(VIX_clean!$A$2:$A$152<A8)*ISNUMBER(VIX_clean!$B$2:$B$152))),"")} -> 46122 | M8: =IF(L8="","",_xlfn.XLOOKUP(L8,VIX_clean!$A$2:$A$152,VIX_clean!$B$2:$B$152,"")) -> 19.23 | N8: =IF(L8="","Missing",IF(A8-L8>5,"Stale","OK")) -> OK | O8: Data type: | P8: =ISNUMBER(B2) -> TRUE
A9: 46126 | B9: 8970.8 | C9: 8926 | D9: 9021.5 | E9: 8926 | F9: 641.84M | G9: 0.005 | H9: =(B9/B8)-1 -> 0.0050190455 | J9: =VALUE(LEFT(F9,LEN(F9)-1))*IF(RIGHT(F9,1)="B",1000000000,1000000) -> 641840000 | L9: {=IFERROR(MAX(_xlfn._xlws.FILTER(VIX_clean!$A$2:$A$152,(VIX_clean!$A$2:$A$152<A9)*ISNUMBER(VIX_clean!$B$2:$B$152))),"")} -> 46125 | M9: =IF(L9="","",_xlfn.XLOOKUP(L9,VIX_clean!$A$2:$A$152,VIX_clean!$B$2:$B$152,"")) -> 19.12 | N9: =IF(L9="","Missing",IF(A9-L9>5,"Stale","OK")) -> OK
A10: 46127 | B10: 8978.7 | C10: 8970.8 | D10: 9015.4 | E10: 8970.8 | F10: 691.51M | G10: 0.0009 | H10: =(B10/B9)-1 -> 0.00088063495 | J10: =VALUE(LEFT(F10,LEN(F10)-1))*IF(RIGHT(F10,1)="B",1000000000,1000000) -> 691510000 | L10: {=IFERROR(MAX(_xlfn._xlws.FILTER(VIX_clean!$A$2:$A$152,(VIX_clean!$A$2:$A$152<A10)*ISNUMBER(VIX_clean!$B$2:$B$152))),"")} -> 46126 | M10: =IF(L10="","",_xlfn.XLOOKUP(L10,VIX_clean!$A$2:$A$152,VIX_clean!$B$2:$B$152,"")) -> 18.36 | N10: =IF(L10="","Missing",IF(A10-L10>5,"Stale","OK")) -> OK
A11: 46128 | B11: 8955 | C11: 8978.7 | D11: 9017.2 | E11: 8937.3 | F11: 728.11M | G11: -0.0026 | H11: =(B11/B10)-1 -> -0.0026395803 | J11: =VALUE(LEFT(F11,LEN(F11)-1))*IF(RIGHT(F11,1)="B",1000000000,1000000) -> 728110000 | L11: {=IFERROR(MAX(_xlfn._xlws.FILTER(VIX_clean!$A$2:$A$152,(VIX_clean!$A$2:$A$152<A11)*ISNUMBER(VIX_clean!$B$2:$B$152))),"")} -> 46127 | M11: =IF(L11="","",_xlfn.XLOOKUP(L11,VIX_clean!$A$2:$A$152,VIX_clean!$B$2:$B$152,"")) -> 18.17 | N11: =IF(L11="","Missing",IF(A11-L11>5,"Stale","OK")) -> OK
A12: 46129 | B12: 8946.9 | C12: 8955 | D12: 8955 | E12: 8902.4 | F12: 777.06M | G12: -0.0009 | H12: =(B12/B11)-1 -> -0.00090452261 | J12: =VALUE(LEFT(F12,LEN(F12)-1))*IF(RIGHT(F12,1)="B",1000000000,1000000) -> 777060000 | L12: {=IFERROR(MAX(_xlfn._xlws.FILTER(VIX_clean!$A$2:$A$152,(VIX_clean!$A$2:$A$152<A12)*ISNUMBER(VIX_clean!$B$2:$B$152))),"")} -> 46128 | M12: =IF(L12="","",_xlfn.XLOOKUP(L12,VIX_clean!$A$2:$A$152,VIX_clean!$B$2:$B$152,"")) -> 17.94 | N12: =IF(L12="","Missing",IF(A12-L12>5,"Stale","OK")) -> OK
A13: 46132 | B13: 8953.3 | C13: 8946.9 | D13: 8955 | E13: 8898.4 | F13: 629.62M | G13: 0.0007 | H13: =(B13/B12)-1 -> 0.00071533157 | J13: =VALUE(LEFT(F13,LEN(F13)-1))*IF(RIGHT(F13,1)="B",1000000000,1000000) -> 629620000 | L13: {=IFERROR(MAX(_xlfn._xlws.FILTER(VIX_clean!$A$2:$A$152,(VIX_clean!$A$2:$A$152<A13)*ISNUMBER(VIX_clean!$B$2:$B$152))),"")} -> 46129 | M13: =IF(L13="","",_xlfn.XLOOKUP(L13,VIX_clean!$A$2:$A$152,VIX_clean!$B$2:$B$152,"")) -> 17.48 | N13: =IF(L13="","Missing",IF(A13-L13>5,"Stale","OK")) -> OK
A14: 46133 | B14: 8949.4 | C14: 8953.3 | D14: 8976.1 | E14: 8911.5 | F14: 793.78M | G14: -0.0004 | H14: =(B14/B13)-1 -> -0.00043559358 | J14: =VALUE(LEFT(F14,LEN(F14)-1))*IF(RIGHT(F14,1)="B",1000000000,1000000) -> 793780000 | L14: {=IFERROR(MAX(_xlfn._xlws.FILTER(VIX_clean!$A$2:$A$152,(VIX_clean!$A$2:$A$152<A14)*ISNUMBER(VIX_clean!$B$2:$B$152))),"")} -> 46132 | M14: =IF(L14="","",_xlfn.XLOOKUP(L14,VIX_clean!$A$2:$A$152,VIX_clean!$B$2:$B$152,"")) -> 18.87 | N14: =IF(L14="","Missing",IF(A14-L14>5,"Stale","OK")) -> OK
A15: 46134 | B15: 8843.6 | C15: 8949.4 | D15: 8949.4 | E15: 8838.7 | F15: 946.57M | G15: -0.0118 | H15: =(B15/B14)-1 -> -0.011822022 | J15: =VALUE(LEFT(F15,LEN(F15)-1))*IF(RIGHT(F15,1)="B",1000000000,1000000) -> 946570000 | L15: {=IFERROR(MAX(_xlfn._xlws.FILTER(VIX_clean!$A$2:$A$152,(VIX_clean!$A$2:$A$152<A15)*ISNUMBER(VIX_clean!$B$2:$B$152))),"")} -> 46133 | M15: =IF(L15="","",_xlfn.XLOOKUP(L15,VIX_clean!$A$2:$A$152,VIX_clean!$B$2:$B$152,"")) -> 19.5 | N15: =IF(L15="","Missing",IF(A15-L15>5,"Stale","OK")) -> OK
A16: 46135 | B16: 8793.4 | C16: 8843.6 | D16: 8843.6 | E16: 8747.8 | F16: 700.40M | G16: -0.0057 | H16: =(B16/B15)-1 -> -0.0056764214 | I16: =_xlfn.STDEV.S(H3:H16) -> 0.0099331217 | J16: =VALUE(LEFT(F16,LEN(F16)-1))*IF(RIGHT(F16,1)="B",1000000000,1000000) -> 700400000 | L16: {=IFERROR(MAX(_xlfn._xlws.FILTER(VIX_clean!$A$2:$A$152,(VIX_clean!$A$2:$A$152<A16)*ISNUMBER(VIX_clean!$B$2:$B$152))),"")} -> 46134 | M16: =IF(L16="","",_xlfn.XLOOKUP(L16,VIX_clean!$A$2:$A$152,VIX_clean!$B$2:$B$152,"")) -> 18.92 | N16: =IF(L16="","Missing",IF(A16-L16>5,"Stale","OK")) -> OK
A17: 46136 | B17: 8786.5 | C17: 8793.4 | D17: 8798.6 | E17: 8736.9 | F17: 612.95M | G17: -0.0008 | H17: =(B17/B16)-1 -> -0.00078467942 | I17: =_xlfn.STDEV.S(H4:H17) -> 0.0093748299 | J17: =VALUE(LEFT(F17,LEN(F17)-1))*IF(RIGHT(F17,1)="B",1000000000,1000000) -> 612950000 | L17: {=IFERROR(MAX(_xlfn._xlws.FILTER(VIX_clean!$A$2:$A$152,(VIX_clean!$A$2:$A$152<A17)*ISNUMBER(VIX_clean!$B$2:$B$152))),"")} -> 46135 | M17: =IF(L17="","",_xlfn.XLOOKUP(L17,VIX_clean!$A$2:$A$152,VIX_clean!$B$2:$B$152,"")) -> 19.31 | N17: =IF(L17="","Missing",IF(A17-L17>5,"Stale","OK")) -> OK
A18: 46139 | B18: 8766.4 | C18: 8786.5 | D18: 8786.5 | E18: 8729.6 | F18: 449.19M | G18: -0.0023 | H18: =(B18/B17)-1 -> -0.0022876003 | I18: =_xlfn.STDEV.S(H5:H18) -> 0.0082553398 | J18: =VALUE(LEFT(F18,LEN(F18)-1))*IF(RIGHT(F18,1)="B",1000000000,1000000) -> 449190000 | L18: {=IFERROR(MAX(_xlfn._xlws.FILTER(VIX_clean!$A$2:$A$152,(VIX_clean!$A$2:$A$152<A18)*ISNUMBER(VIX_clean!$B$2:$B$152))),"")} -> 46136 | M18: =IF(L18="","",_xlfn.XLOOKUP(L18,VIX_clean!$A$2:$A$152,VIX_clean!$B$2:$B$152,"")) -> 18.71 | N18: =IF(L18="","Missing",IF(A18-L18>5,"Stale","OK")) -> OK
A19: 46140 | B19: 8710.7 | C19: 8766.4 | D19: 8766.4 | E19: 8693.4 | F19: 624.19M | G19: -0.0064 | H19: =(B19/B18)-1 -> -0.0063538054 | I19: =_xlfn.STDEV.S(H6:H19) -> 0.0041374929 | J19: =VALUE(LEFT(F19,LEN(F19)-1))*IF(RIGHT(F19,1)="B",1000000000,1000000) -> 624190000 | L19: {=IFERROR(MAX(_xlfn._xlws.FILTER(VIX_clean!$A$2:$A$152,(VIX_clean!$A$2:$A$152<A19)*ISNUMBER(VIX_clean!$B$2:$B$152))),"")} -> 46139 | M19: =IF(L19="","",_xlfn.XLOOKUP(L19,VIX_clean!$A$2:$A$152,VIX_clean!$B$2:$B$152,"")) -> 18.02 | N19: =IF(L19="","Missing",IF(A19-L19>5,"Stale","OK")) -> OK
A20: 46141 | B20: 8687 | C20: 8710.7 | D20: 8710.7 | E20: 8659.1 | F20: 661.63M | G20: -0.0027 | H20: =(B20/B19)-1 -> -0.0027207917 | I20: =_xlfn.STDEV.S(H7:H20) -> 0.0039470684 | J20: =VALUE(LEFT(F20,LEN(F20)-1))*IF(RIGHT(F20,1)="B",1000000000,1000000) -> 661630000 | L20: {=IFERROR(MAX(_xlfn._xlws.FILTER(VIX_clean!$A$2:$A$152,(VIX_clean!$A$2:$A$152<A20)*ISNUMBER(VIX_clean!$B$2:$B$152))),"")} -> 46140 | M20: =IF(L20="","",_xlfn.XLOOKUP(L20,VIX_clean!$A$2:$A$152,VIX_clean!$B$2:$B$152,"")) -> 17.83 | N20: =IF(L20="","Missing",IF(A20-L20>5,"Stale","OK")) -> OK
A21: 46142 | B21: 8665.8 | C21: 8687 | D21: 8687 | E21: 8632.2 | F21: 844.83M | G21: -0.0024 | H21: =(B21/B20)-1 -> -0.0024404282 | I21: =_xlfn.STDEV.S(H8:H21) -> 0.0039385753 | J21: =VALUE(LEFT(F21,LEN(F21)-1))*IF(RIGHT(F21,1)="B",1000000000,1000000) -> 844830000 | K21: =AVERAGE(J2:J21) -> 729167000 | L21: {=IFERROR(MAX(_xlfn._xlws.FILTER(VIX_clean!$A$2:$A$152,(VIX_clean!$A$2:$A$152<A21)*ISNUMBER(VIX_clean!$B$2:$B$152))),"")} -> 46141 | M21: =IF(L21="","",_xlfn.XLOOKUP(L21,VIX_clean!$A$2:$A$152,VIX_clean!$B$2:$B$152,"")) -> 18.81 | N21: =IF(L21="","Missing",IF(A21-L21>5,"Stale","OK")) -> OK
A22: 46143 | B22: 8729.8 | C22: 8665.8 | D22: 8764.1 | E22: 8665.8 | F22: 567.52M | G22: 0.0074 | H22: =(B22/B21)-1 -> 0.0073853539 | I22: =_xlfn.STDEV.S(H9:H22) -> 0.0046886159 | J22: =VALUE(LEFT(F22,LEN(F22)-1))*IF(RIGHT(F22,1)="B",1000000000,1000000) -> 567520000 | K22: =AVERAGE(J3:J22) -> 714474000 | L22: {=IFERROR(MAX(_xlfn._xlws.FILTER(VIX_clean!$A$2:$A$152,(VIX_clean!$A$2:$A$152<A22)*ISNUMBER(VIX_clean!$B$2:$B$152))),"")} -> 46142 | M22: =IF(L22="","",_xlfn.XLOOKUP(L22,VIX_clean!$A$2:$A$152,VIX_clean!$B$2:$B$152,"")) -> 16.89 | N22: =IF(L22="","Missing",IF(A22-L22>5,"Stale","OK")) -> OK
A23: 46146 | B23: 8697.1 | C23: 8729.8 | D23: 8738.1 | E23: 8675.4 | F23: 467.49M | G23: -0.0037 | H23: =(B23/B22)-1 -> -0.0037457903 | I23: =_xlfn.STDEV.S(H10:H23) -> 0.0043101423 | J23: =VALUE(LEFT(F23,LEN(F23)-1))*IF(RIGHT(F23,1)="B",1000000000,1000000) -> 467490000 | K23: =AVERAGE(J4:J23) -> 693624000 | L23: {=IFERROR(MAX(_xlfn._xlws.FILTER(VIX_clean!$A$2:$A$152,(VIX_clean!$A$2:$A$152<A23)*ISNUMBER(VIX_clean!$B$2:$B$152))),"")} -> 46143 | M23: =IF(L23="","",_xlfn.XLOOKUP(L23,VIX_clean!$A$2:$A$152,VIX_clean!$B$2:$B$152,"")) -> 16.99 | N23: =IF(L23="","Missing",IF(A23-L23>5,"Stale","OK")) -> OK
A24: 46147 | B24: 8680.5 | C24: 8697.1 | D24: 8697.1 | E24: 8621.6 | F24: 551.21M | G24: -0.0019 | H24: =(B24/B23)-1 -> -0.0019086822 | I24: =_xlfn.STDEV.S(H11:H24) -> 0.0042202091 | J24: =VALUE(LEFT(F24,LEN(F24)-1))*IF(RIGHT(F24,1)="B",1000000000,1000000) -> 551210000 | K24: =AVERAGE(J5:J24) -> 688143500 | L24: {=IFERROR(MAX(_xlfn._xlws.FILTER(VIX_clean!$A$2:$A$152,(VIX_clean!$A$2:$A$152<A24)*ISNUMBER(VIX_clean!$B$2:$B$152))),"")} -> 46146 | M24: =IF(L24="","",_xlfn.XLOOKUP(L24,VIX_clean!$A$2:$A$152,VIX_clean!$B$2:$B$152,"")) -> 18.29 | N24: =IF(L24="","Missing",IF(A24-L24>5,"Stale","OK")) -> OK
A25: 46148 | B25: 8793.6 | C25: 8680.5 | D25: 8794.7 | E25: 8680.5 | F25: 748.57M | G25: 0.013 | H25: =(B25/B24)-1 -> 0.013029203 | I25: =_xlfn.STDEV.S(H12:H25) -> 0.0058968155 | J25: =VALUE(LEFT(F25,LEN(F25)-1))*IF(RIGHT(F25,1)="B",1000000000,1000000) -> 748570000 | K25: =AVERAGE(J6:J25) -> 671572000 | L25: {=IFERROR(MAX(_xlfn._xlws.FILTER(VIX_clean!$A$2:$A$152,(VIX_clean!$A$2:$A$152<A25)*ISNUMBER(VIX_clean!$B$2:$B$152))),"")} -> 46147 | M25: =IF(L25="","",_xlfn.XLOOKUP(L25,VIX_clean!$A$2:$A$152,VIX_clean!$B$2:$B$152,"")) -> 17.38 | N25: =IF(L25="","Missing",IF(A25-L25>5,"Stale","OK")) -> OK
A26: 46149 | B26: 8878.1 | C26: 8793.6 | D26: 8887.9 | E26: 8793.6 | F26: 991.79M | G26: 0.0096 | H26: =(B26/B25)-1 -> 0.0096092613 | I26: =_xlfn.STDEV.S(H13:H26) -> 0.0065786759 | J26: =VALUE(LEFT(F26,LEN(F26)-1))*IF(RIGHT(F26,1)="B",1000000000,1000000) -> 991790000 | K26: =AVERAGE(J7:J26) -> 684888500 | L26: {=IFERROR(MAX(_xlfn._xlws.FILTER(VIX_clean!$A$2:$A$152,(VIX_clean!$A$2:$A$152<A26)*ISNUMBER(VIX_clean!$B$2:$B$152))),"")} -> 46148 | M26: =IF(L26="","",_xlfn.XLOOKUP(L26,VIX_clean!$A$2:$A$152,VIX_clean!$B$2:$B$152,"")) -> 17.39 | N26: =IF(L26="","Missing",IF(A26-L26>5,"Stale","OK")) -> OK
A27: 46150 | B27: 8744.4 | C27: 8878.1 | D27: 8878.1 | E27: 8717.6 | F27: 665.25M | G27: -0.0151 | H27: =(B27/B26)-1 -> -0.015059529 | I27: =_xlfn.STDEV.S(H14:H27) -> 0.0076176453 | J27: =VALUE(LEFT(F27,LEN(F27)-1))*IF(RIGHT(F27,1)="B",1000000000,1000000) -> 665250000 | K27: =AVERAGE(J8:J27) -> 687690000 | L27: {=IFERROR(MAX(_xlfn._xlws.FILTER(VIX_clean!$A$2:$A$152,(VIX_clean!$A$2:$A$152<A27)*ISNUMBER(VIX_clean!$B$2:$B$152))),"")} -> 46149 | M27: =IF(L27="","",_xlfn.XLOOKUP(L27,VIX_clean!$A$2:$A$152,VIX_clean!$B$2:$B$152,"")) -> 17.08 | N27: =IF(L27="","Missing",IF(A27-L27>5,"Stale","OK")) -> OK
A28: 46153 | B28: 8701.8 | C28: 8744.4 | D28: 8744.4 | E28: 8643.5 | F28: 599.72M | G28: -0.0049 | H28: =(B28/B27)-1 -> -0.0048716893 | I28: =_xlfn.STDEV.S(H15:H28) -> 0.0076550584 | J28: =VALUE(LEFT(F28,LEN(F28)-1))*IF(RIGHT(F28,1)="B",1000000000,1000000) -> 599720000 | K28: =AVERAGE(J9:J28) -> 684661500 | L28: {=IFERROR(MAX(_xlfn._xlws.FILTER(VIX_clean!$A$2:$A$152,(VIX_clean!$A$2:$A$152<A28)*ISNUMBER(VIX_clean!$B$2:$B$152))),"")} -> 46150 | M28: =IF(L28="","",_xlfn.XLOOKUP(L28,VIX_clean!$A$2:$A$152,VIX_clean!$B$2:$B$152,"")) -> 17.19 | N28: =IF(L28="","Missing",IF(A28-L28>5,"Stale","OK")) -> OK
A29: 46154 | B29: 8670.7 | C29: 8701.8 | D29: 8713.4 | E29: 8619.1 | F29: 724.28M | G29: -0.0036 | H29: =(B29/B28)-1 -> -0.0035739732 | I29: =_xlfn.STDEV.S(H16:H29) -> 0.0071388952 | J29: =VALUE(LEFT(F29,LEN(F29)-1))*IF(RIGHT(F29,1)="B",1000000000,1000000) -> 724280000 | K29: =AVERAGE(J10:J29) -> 688783500 | L29: {=IFERROR(MAX(_xlfn._xlws.FILTER(VIX_clean!$A$2:$A$152,(VIX_clean!$A$2:$A$152<A29)*ISNUMBER(VIX_clean!$B$2:$B$152))),"")} -> 46153 | M29: =IF(L29="","",_xlfn.XLOOKUP(L29,VIX_clean!$A$2:$A$152,VIX_clean!$B$2:$B$152,"")) -> 18.38 | N29: =IF(L29="","Missing",IF(A29-L29>5,"Stale","OK")) -> OK
A30: 46155 | B30: 8630.4 | C30: 8670.7 | D30: 8670.7 | E30: 8590.7 | F30: 639.22M | G30: -0.0046 | H30: =(B30/B29)-1 -> -0.004647837 | I30: =_xlfn.STDEV.S(H17:H30) -> 0.0070965071 | J30: =VALUE(LEFT(F30,LEN(F30)-1))*IF(RIGHT(F30,1)="B",1000000000,1000000) -> 639220000 | K30: =AVERAGE(J11:J30) -> 686169000 | L30: {=IFERROR(MAX(_xlfn._xlws.FILTER(VIX_clean!$A$2:$A$152,(VIX_clean!$A$2:$A$152<A30)*ISNUMBER(VIX_clean!$B$2:$B$152))),"")} -> 46154 | M30: =IF(L30="","",_xlfn.XLOOKUP(L30,VIX_clean!$A$2:$A$152,VIX_clean!$B$2:$B$152,"")) -> 17.99 | N30: =IF(L30="","Missing",IF(A30-L30>5,"Stale","OK")) -> OK
A31: 46156 | B31: 8640.7 | C31: 8630.4 | D31: 8644.5 | E31: 8602.9 | F31: 608.80M | G31: 0.0012 | H31: =(B31/B30)-1 -> 0.0011934557 | I31: =_xlfn.STDEV.S(H18:H31) -> 0.0071274439 | J31: =VALUE(LEFT(F31,LEN(F31)-1))*IF(RIGHT(F31,1)="B",1000000000,1000000) -> 608800000 | K31: =AVERAGE(J12:J31) -> 680203500 | L31: {=IFERROR(MAX(_xlfn._xlws.FILTER(VIX_clean!$A$2:$A$152,(VIX_clean!$A$2:$A$152<A31)*ISNUMBER(VIX_clean!$B$2:$B$152))),"")} -> 46155 | M31: =IF(L31="","",_xlfn.XLOOKUP(L31,VIX_clean!$A$2:$A$152,VIX_clean!$B$2:$B$152,"")) -> 17.87 | N31: =IF(L31="","Missing",IF(A31-L31>5,"Stale","OK")) -> OK
A32: 46157 | B32: 8630.8 | C32: 8640.7 | D32: 8691.9 | E32: 8610.3 | F32: 626.85M | G32: -0.0011 | H32: =(B32/B31)-1 -> -0.0011457405 | I32: =_xlfn.STDEV.S(H19:H32) -> 0.0071202121 | J32: =VALUE(LEFT(F32,LEN(F32)-1))*IF(RIGHT(F32,1)="B",1000000000,1000000) -> 626850000 | K32: =AVERAGE(J13:J32) -> 672693000 | L32: {=IFERROR(MAX(_xlfn._xlws.FILTER(VIX_clean!$A$2:$A$152,(VIX_clean!$A$2:$A$152<A32)*ISNUMBER(VIX_clean!$B$2:$B$152))),"")} -> 46156 | M32: =IF(L32="","",_xlfn.XLOOKUP(L32,VIX_clean!$A$2:$A$152,VIX_clean!$B$2:$B$152,"")) -> 17.26 | N32: =IF(L32="","Missing",IF(A32-L32>5,"Stale","OK")) -> OK
... A149: 46323 | B149: 8847.3 | C149: 8850.1 | D149: 8937 | E149: 8846.7 | F149: 823.71M | G149: -0.0003 | H149: =(B149/B148)-1 -> -0.00031638061 | I149: =_xlfn.STDEV.S(H136:H149) -> 0.0046674894 | J149: =VALUE(LEFT(F149,LEN(F149)-1))*IF(RIGHT(F149,1)="B",1000000000,1000000) -> 823710000 | K149: =AVERAGE(J130:J149) -> 764523500 | L149: {=IFERROR(MAX(_xlfn._xlws.FILTER(VIX_clean!$A$2:$A$152,(VIX_clean!$A$2:$A$152<A149)*ISNUMBER(VIX_clean!$B$2:$B$152))),"")} -> 46322 | M149: =IF(L149="","",_xlfn.XLOOKUP(L149,VIX_clean!$A$2:$A$152,VIX_clean!$B$2:$B$152,"")) -> 17.52 | N149: =IF(L149="","Missing",IF(A149-L149>5,"Stale","OK")) -> OK

Sheet ASX_Raw
A1: Date | B1: Price | C1: Open | D1: High | E1: Low | F1: Vol. | G1: Change %
A2: 46323 | B2: 8847.3 | C2: 8850.1 | D2: 8937 | E2: 8846.7 | F2: 823.71M | G2: -0.0003
A3: 46322 | B3: 8850.1 | C3: 8809.9 | D3: 8858.9 | E3: 8773.4 | F3: 780.71M | G3: 0.0046
A4: 46321 | B4: 8809.9 | C4: 8795.2 | D4: 8817.7 | E4: 8722.9 | F4: 766.85M | G4: 0.0017
A5: 46318 | B5: 8795.2 | C5: 8793.2 | D5: 8795.2 | E5: 8752.6 | F5: 970.67M | G5: 0.0002
A6: 46317 | B6: 8793.2 | C6: 8831.3 | D6: 8831.3 | E6: 8764 | F6: 814.84M | G6: -0.0043
A7: 46316 | B7: 8831.3 | C7: 8816.9 | D7: 8841.9 | E7: 8795.9 | F7: 919.16M | G7: 0.0016
A8: 46315 | B8: 8816.9 | C8: 8845.7 | D8: 8845.7 | E8: 8747.3 | F8: 798.27M | G8: -0.0033
A9: 46314 | B9: 8845.7 | C9: 8806.7 | D9: 8849.9 | E9: 8800.9 | F9: 826.93M | G9: 0.0044
A10: 46311 | B10: 8806.7 | C10: 8719.7 | D10: 8824.5 | E10: 8719.7 | F10: 1.01B | G10: 0.01
A11: 46310 | B11: 8719.7 | C11: 8727.9 | D11: 8735.9 | E11: 8641.1 | F11: 726.00M | G11: -0.0009
A12: 46309 | B12: 8727.9 | C12: 8783.9 | D12: 8783.9 | E12: 8698.3 | F12: 726.00M | G12: -0.0064
A13: 46308 | B13: 8783.9 | C13: 8783.2 | D13: 8800.7 | E13: 8738.8 | F13: 726.00M | G13: 0.0001
... A149: 46113 | B149: 8671.8 | C149: 8481.8 | D149: 8671.8 | E149: 8481.8 | F149: 861.38M | G149: 0.0224

Sheet VIX_clean
A1: observation_date | B1: VIXCLS
A2: 46113 | B2: 24.54
A3: 46114 | B3: 23.87
A4: 46115
A5: 46118 | B5: 24.17
A6: 46119 | B6: 25.78
A7: 46120 | B7: 21.04
A8: 46121 | B8: 19.49
A9: 46122 | B9: 19.23
A10: 46125 | B10: 19.12
A11: 46126 | B11: 18.36 | D11: Data type (date): | F11: =ISNUMBER(A2) -> TRUE
A12: 46127 | B12: 18.17 | D12: Data type (VIXCLS): | F12: =ISNUMBER(B2) -> TRUE
A13: 46128 | B13: 17.94
A14: 46129 | B14: 17.48 | D14: Missing VIX values: | F14: =COUNTBLANK(B2:B152) -> 1
A15: 46132 | B15: 18.87
A16: 46133 | B16: 19.5
A17: 46134 | B17: 18.92
A18: 46135 | B18: 19.31
A19: 46136 | B19: 18.71
A20: 46139 | B20: 18.02
A21: 46140 | B21: 17.83
A22: 46141 | B22: 18.81
A23: 46142 | B23: 16.89
A24: 46143 | B24: 16.99
A25: 46146 | B25: 18.29
A26: 46147 | B26: 17.38
... A152: 46323 | B152: 16.91

Sheet VIX_Raw
A1: observation_date | B1: VIXCLS
A2: 46113 | B2: 24.54
A3: 46114 | B3: 23.87
A4: 46115
A5: 46118 | B5: 24.17
A6: 46119 | B6: 25.78
A7: 46120 | B7: 21.04
A8: 46121 | B8: 19.49
A9: 46122 | B9: 19.23
A10: 46125 | B10: 19.12
A11: 46126 | B11: 18.36
A12: 46127 | B12: 18.17
A13: 46128 | B13: 17.94
A14: 46129 | B14: 17.48
A15: 46132 | B15: 18.87
A16: 46133 | B16: 19.5
... A152: 46323 | B152: 16.91
